"","Rk","Player","Pro_Bowl","Abbreviation","Tm","Age","Pos","G","GS","Att","Yds","TD","Lng","Y/A","Y/G","Fmb","Player_ID"
"2","1","Ezekiel Elliott","1","ElliEz00","DAL","23","RB","15","15","304","1434","6","41","4.7","95.6","6","c64e3f731185e1db9cb216b685aa24540757ab0d"
"3","2","Saquon Barkley","1","BarkSa00","NYG","21","RB","16","16","261","1307","11","78","5","81.7","0","db2f4008d05f7081ba007cc38364b42d259db21b"
"4","3","David Johnson","0","JohnDa08","ARI","27","RB","16","16","258","940","7","53","3.6","58.8","3","fa817af98fa0d7e93f2e3095fdde56ff5c061f61"
"5","4","Todd Gurley","1","GurlTo01","LAR","24","RB","14","14","256","1251","17","36","4.9","89.4","1","aee5af97207dc328fd824eb619d204afbea4f14b"
"6","5","Adrian Peterson","0","PeteAd01","WAS","33","RB","16","16","251","1042","7","90","4.2","65.1","3","82d98f9217b0303b65456b3175e49d001a9e1a95"
"7","6","Jordan Howard","0","HowaJo00","CHI","24","RB","16","15","250","935","9","42","3.7","58.4","2","8a7dd59d406e004bbeba352dbd958a66a8049c28"
"8","7","Chris Carson","0","CarsCh00","SEA","24","RB","14","14","247","1151","9","61","4.7","82.2","3","cecab5bc847f88f4ea3232486942be8b98faadaf"
"9","8","Joe Mixon","0","MixoJo00","CIN","22","RB","14","13","237","1168","8","51","4.9","83.4","0","af09e7ed641ee7bf1c535c67ca07177dbad6fa7a"
"10","9","Peyton Barber","0","BarbPe01","TAM","24","RB","16","16","234","871","5","28","3.7","54.4","1","75eeffb10c42be990496d8a5436f1d0ca3f9a305"
"11","10","Christian McCaffrey","0","McCaCh01","CAR","22","RB","16","16","219","1098","7","59","5","68.6","4","4eefefb59694d73f613a02dbc5c222596ac76287"
"12","11","James Conner","1","ConnJa00","PIT","23","RB","13","12","215","973","12","30","4.5","74.8","4","0a9c8ba675828d79c319819a0a920dd75a9b8864"
"13","12","Derrick Henry","0","HenrDe00","TEN","24","RB","16","12","215","1059","12","99","4.9","66.2","1","85a4921a3be7e16f51006d5cd4f3927e5877673a"
"14","13","Lamar Miller","1","MillLa01","HOU","27","RB","14","14","210","973","5","97","4.6","69.5","1","c72b25af26c698e3beb1954c72d7456cc945aa70"
"15","14","Sony Michel","0","MichSo00","NWE","23","RB","13","8","209","931","6","34","4.5","71.6","1","c4343e03f0d3ac2f1d29156a8bca11642d12e66f"
"16","15","Marlon Mack","0","MackMa00","IND","22","RB","12","10","195","908","9","49","4.7","75.7","2","e96cf4285efa41502c5d71f89f3c11c2815c33f3"
"17","16","Alvin Kamara","1","KamaAl00","NOR","23","RB","15","13","194","883","14","49","4.6","58.9","1","97b0829d46c3f8f9e542fdea44ee53426dbf7ad3"
"18","17","Nick Chubb","0","ChubNi00","CLE","23","RB","16","9","192","996","8","92","5.2","62.3","0","04d572e190b8aafd46cb1e0911661107e87184f1"
"19","18","Phillip Lindsay","1","LindPh00","DEN","24","RB","15","8","192","1037","9","65","5.4","69.1","0","a741e58593affc384199e0f2fa61b1d39f884a57"
"20","19","Kareem Hunt","0","HuntKa00","KAN","23","RB","11","11","181","824","7","45","4.6","74.9","0","1e8454dbd12fd6c88ad911301445b1fafa87c6fe"
"21","20","Melvin Gordon","1","GordMe00","LAC","25","RB","12","12","175","885","10","34","5.1","73.8","1","d39df8d4e5c51df6172c2099ebeba82cc604fef4"
"22","21","Carlos Hyde","0","HydeCa00","2TM","28",NA,"14","7","172","571","5","22","3.3","40.8","2","f0bd8be448647827b4f720c0a3191d48ad1a248e"
"23","22","Doug Martin","0","MartDo00","OAK","29","RB","16","9","172","723","4","29","4.2","45.2","3","ac952384669907a04d787444606d2b0868e5887a"
"24","23","Tevin Coleman","0","ColeTe01","ATL","25","RB","16","14","167","800","4","65","4.8","50","2","dc92997a93b808b3bbfe0f32790fb072f6aabafb"
"25","24","LeSean McCoy","0","McCoLe01","BUF","30","RB","14","13","161","514","3","28","3.2","36.7","0","1b8b7be7f6996ae2343422a3bb32a722f5e65325"
"26","25","Frank Gore","0","GoreFr00","MIA","35","RB","14","14","156","722","0","39","4.6","51.6","1","22a1a3dc60f2d17f1fd22687b140a8aeb907214a"
"27","26","Dion Lewis","0","LewiDi00","TEN","28","rb","16","7","155","517","1","36","3.3","32.3","1","a9edf232b0632d89b98049488b5ff4e0fc7681ee"
"28","27","LeGarrette Blount","0","BlouLe00","DET","32","RB","16","8","154","418","5","27","2.7","26.1","2","71e9754a4da941ae12cf93c337af1172b402adf1"
"29","28","Matt Breida","0","BreiMa00","SFO","23","RB","14","13","153","814","3","66","5.3","58.1","1","1ae9556a7bc1340c60fb87d2b6ce04e52b634bfe"
"30","29","Alfred Blue","0","BlueAl00","HOU","27","rb","16","2","150","499","2","17","3.3","31.2","0","32e34151627748dc9c486e261f435477f8ab2277"
"31","30","Lamar Jackson","0","JackLa00","BAL","21","qb","16","7","147","695","5","39","4.7","43.4","12","57eaf9c3d296034592dc65edc8d2c0ccd003b654"
"32","31","Isaiah Crowell","0","CrowIs00","NYJ","25","rb","13","6","143","685","6","77","4.8","52.7","0","8a7ecd395403b62b18553f8712ea3c93a261b210"
"33","32","Latavius Murray","0","MurrLa00","MIN","28","rb","16","6","140","578","6","38","4.1","36.1","0","b27a4c7c96a4d9dfd209949cd1152910b9fa03d8"
"34","33","Mark Ingram","0","IngrMa01","NOR","29","rb","12","6","138","645","6","38","4.7","53.8","3","0471ce0d3308454c92ee913925a26934a4f1ed9f"
"35","34","Gus Edwards","0","EdwaGu00","BAL","23","rb","11","6","137","718","2","43","5.2","65.3","0","5b7ec07a3fe50364fcce89bda9d3e57ae1607d0b"
"36","35","Dalvin Cook","0","CookDa01","MIN","23","RB","11","10","133","615","2","70","4.6","55.9","2","1db77a6314c9e11668c0cad0dff12740d0e4685b"
"37","36","Leonard Fournette","0","FourLe00","JAX","23","RB","8","8","133","439","5","25","3.3","54.9","0","3fd88f0a02be7cfb16d482de27c9cc48fcaf1e88"
"38","37","Aaron Jones","0","JoneAa00","GNB","24","RB","12","8","133","728","8","67","5.5","60.7","1","e4c7313b0bb1366d17eee464823150c393b5371d"
"39","38","Royce Freeman","0","FreeRo00","DEN","22","RB","14","8","130","521","5","24","4","37.2","1","e6830431455417d0922a9da8397bad8260e68233"
"40","39","Jamaal Williams","0","WillJa06","GNB","23","RB","16","8","121","464","3","20","3.8","29","0","dabc4b2967ea70a7b4b2f29b3d689b4822b3669c"
"41","40","Josh Adams","0","AdamJo03","PHI","22","rb","14","5","120","511","3","29","4.3","36.5","1","6477a3d6d1415b0fb40cfb4749512a6b9798f23d"
"42","41","Kenyan Drake","0","DrakKe00","MIA","24","rb","16","7","120","535","4","54","4.5","33.4","2","e5fe633eac5744b26a2c28612865b86ebb39dfdd"
"43","42","Kerryon Johnson","0","JohnKe06","DET","21","rb/wr","10","7","118","641","3","71","5.4","64.1","1","786ffe2e80a70c80b584fd6ed66ba4da020cd279"
"44","43","Chris Ivory","0","IvorCh00","BUF","30","rb","13","1","115","385","1","21","3.3","29.6","1","4a73554ff50653500a33a6708591e3803a0ee156"
"45","44","Alex Collins","0","CollAl00","BAL","24","RB","10","10","114","411","7","19","3.6","41.1","3","6e235d6ff926858e2f2ab4dad333356e6e9eceaf"
"46","45","Mike Davis","0","DaviMi01","SEA","25","rb","15","2","112","514","4","37","4.6","34.3","0","d705624b8034c46954e0a65af8f622c7d05c16a9"
"47","46","Alfred Morris","0","MorrAl00","SFO","30","rb","12","1","111","428","2","51","3.9","35.7","2","5daa81d2a6bcd7e3e5e39252a496861e56e36419"
"48","47","Austin Ekeler","0","EkelAu00","LAC","23","rb","14","3","106","554","3","41","5.2","39.6","1","416cd1eed7bce31b549a132de2ddfc2f3be64b65"
"49","48","T.J. Yeldon","0","YeldT.00","JAX","25","rb","14","5","104","414","1","20","4","29.6","1","d47fcb096861bb1563229d905022cc30f93ea174"
"50","49","Cam Newton","0","NewtCa00","CAR","29","QB","14","14","101","488","4","29","4.8","34.9","6","1ea2f574a38a178ba09d10e0755d5be81550d12e"
"51","50","Tarik Cohen","1","CoheTa00","CHI","23","rb/wr","16","7","99","444","3","32","4.5","27.8","7","1e50bc21490a0bf1e0bab891c4f9a7822a0095b9"
"52","51","Deshaun Watson","1","WatsDe00","HOU","23","QB","16","16","99","551","5","34","5.6","34.4","9","aa5d28c692f15667dcfa6be3c45674bf90ee458b"
"53","52","James White","0","WhitJa02","NWE","26","rb","16","3","94","425","5","27","4.5","26.6","0","0d97d700eb70904d2b33d63cf5bec8a523790f70"
"54","53","Elijah McGuire","0","McGuEl00","NYJ","24","rb","8","3","92","276","3","34","3","34.5","2","52ba29be1a6493c2fa40dc43e052544b5aebff7c"
"55","54","Marshawn Lynch","0","LyncMa00","OAK","32","rb","6","6","90","376","3","52","4.2","62.7","0","df5384570229516281b792b3167797353825d98f"
"56","55","Ito Smith","0","SmitIt00","ATL","23",NA,"14","0","90","315","4","18","3.5","22.5","1","33090b7c9f15bd3247e43cc79aedeeae30e7b841"
"57","56","Josh Allen","0","AlleJo02","BUF","22","QB","12","11","89","631","8","45","7.1","52.6","8","07d4bd60a5cde628e857a2771e7e5c2bfa798b5a"
"58","57","Wendell Smallwood","0","SmalWe00","PHI","24","rb","16","6","87","364","3","15","4.2","22.8","2","e8b8e0e17e69c961fd4aa41f54a61623a090817d"
"59","58","Nyheim Hines","0","HineNy00","IND","22","rb","16","4","85","314","2","18","3.7","19.6","1","f770d53475f582088ff21adf328069247e20bcf9"
"60","59","Rashaad Penny","0","PennRa00","SEA","22",NA,"14","0","85","419","2","38","4.9","29.9","0","d19f2db8b3cea67c20eabec083606f815bfed834"
"61","60","Bilal Powell","0","PoweBi00","NYJ","30","rb","7","7","80","343","0","38","4.3","49","2","ba5ce8d8e75202a4063881751175b26403b850b2"
"62","61","Dak Prescott","1","PresDa01","DAL","25","QB","16","16","75","305","6","28","4.1","19.1","12","aee7531d9a08c8aaea7cf3e5e77f415783f7e3f6"
"63","62","Corey Clement","0","ClemCo00","PHI","24",NA,"11","0","68","259","2","32","3.8","23.5","4","0a7f205a318c6d7526b5726d23b705a255b70f58"
"64","63","Mitchell Trubisky","1","TrubMi00","CHI","24","QB","14","14","68","421","3","39","6.2","30.1","6","1adaddf8f50b8ebfb1f8f88e63e8386544f48124"
"65","64","C.J. Anderson","0","AndeC.00","2TM","27",NA,"11","3","67","403","2","46","6","36.6","0","630556290f967b28b9ad974e6a01112954583a8e"
"66","65","Russell Wilson","1","WilsRu00","SEA","30","QB","16","16","67","376","0","40","5.6","23.5","10","062a96f2adf8116226ea811a2fcd1e49c6bf705a"
"67","66","Jeff Wilson","0","WilsJe01","SFO","23","rb","6","2","66","266","0","18","4","44.3","3","0691befb4ff1bdb6da196dccdda5dd990015ce7c"
"68","67","Marcus Mariota","0","MariMa01","TEN","25","QB","14","13","64","357","2","27","5.6","25.5","9","12a8cc8d518c035ee13d7e7c09760401d306ccbb"
"69","68","Kenneth Dixon","0","DixoKe00","BAL","24",NA,"6","0","60","333","2","37","5.6","55.5","2","b7bb22ee6e5a6bde02e81a5d3f694ea2268d7591"
"70","69","Chase Edmonds","0","EdmoCh00","ARI","22",NA,"16","0","60","208","2","29","3.5","13","1","dd2016e40b1349748954d30c2296d08041a1d775"
"71","70","Patrick Mahomes","1","MahoPa00","KAN","23","QB","16","16","60","272","2","28","4.5","17","9","e0e1fba2fa960d329910ab16b3b8ea31bd227d9b"
"72","71","Jordan Wilkins","0","WilkJo01","IND","24","rb","16","3","60","336","1","53","5.6","21","2","50f79d21ec3b602201d7450895f523900d0b2988"
"73","72","Blake Bortles","0","BortBl00","JAX","26","QB","13","12","58","365","1","41","6.3","28.1","8","0b83043caebf0145106a1683ccf87345ede25926"
"74","73","Rex Burkhead","0","BurkRe00","NWE","28","rb/wr","8","4","57","186","0","12","3.3","23.3","2","1d789753d8b3779bb31afac5273ad0fc4204dd54"
"75","74","Giovani Bernard","0","BernGi00","CIN","27","rb","12","4","56","211","3","23","3.8","17.6","0","b7706e8a82d6322dd7a5c30d31549b48d4fb2efb"
"76","75","Jaylen Samuels","0","SamuJa00","PIT","22","rb","14","3","56","256","0","25","4.6","18.3","1","e3d4982ba5db329e2a2638e6b8d46df72c68f4f5"
"77","76","Jalen Richard","0","RichJa01","OAK","25","rb","16","1","55","259","1","30","4.7","16.2","3","a48998684ed046c4fda89c3fb75661bc700e782b"
"78","77","Zach Zenner","0","ZennZa00","DET","27","rb","8","1","55","265","3","29","4.8","33.1","0","1fa71274a36f79ae95d8eb47409f648a1dfbcfb0"
"79","78","Marcus Murphy","0","MurpMa03","BUF","27","rb","11","1","52","250","0","30","4.8","22.7","1","05fa58491d14c6d9e759a6bbcb2bf589fc2b47ab"
"80","79","Wayne Gallman","0","GallWa00","NYG","24","rb","15","2","51","176","1","9","3.5","11.7","2","6ca5551d769070ae35148bd285f346ef18cc8544"
"81","80","Spencer Ware","0","WareSp00","KAN","27","rb","13","2","51","246","2","34","4.8","18.9","0","7aa5b04432d4843c4d2201251c0fbc309092e6ed"
"82","81","Justin Jackson","0","JackJu01","LAC","23","rb","13","1","50","206","2","20","4.1","15.8","0","090c4046fe5559d473c09089ff888d348d2fc85f"
"83","82","Damien Williams","0","WillDa05","KAN","26","rb","16","3","50","256","4","25","5.1","16","1","cbd1e5ee334359c9dad376d039f65fd2bbcde9f5"
"84","83","Jameis Winston","0","WinsJa00","TAM","24","QB","11","9","49","281","1","18","5.7","25.5","7","69680992b63a2c501a0dbf521f6051d4d1c6bcde"
"85","84","Andrew Luck","1","LuckAn00","IND","29","QB","16","16","46","148","0","33","3.2","9.3","6","6e54eced42e9fc61ae7d225575d91055e539050a"
"86","85","Jay Ajayi","0","AjayJa00","PHI","25","rb","4","3","45","184","3","20","4.1","46","1","2b2d346528ff748140348302308bd0f63b583223"
"87","86","Kirk Cousins","0","CousKi00","MIN","30","QB","16","16","44","123","1","19","2.8","7.7","9","dd88f3eb8f6a251e7fa63a9059b5fb0e46fc4498"
"88","87","Sam Darnold","0","DarnSa00","NYJ","21","QB","13","13","44","138","1","28","3.1","10.6","5","cd052140e8e3c364e0fa5397d08b8d297577cfee"
"89","88","Rod Smith","0","SmitRo06","DAL","26","rb","16","1","44","127","1","14","2.9","7.9","0","f612c6d5c01b5eb1a4de99e386aa6eae54156f3f"
"90","89","Malcolm Brown","0","BrowMa03","LAR","25",NA,"12","0","43","212","0","19","4.9","17.7","0","9d8fec4fccd99f5f753c62946b6d454944fbc065"
"91","90","Jared Goff","1","GoffJa00","LAR","24","QB","16","16","43","108","2","16","2.5","6.8","12","87608f878d2a332fed92ee32f0af374b1d64b84e"
"92","91","Aaron Rodgers","1","RodgAa00","GNB","35","QB","16","16","43","269","2","23","6.3","16.8","6","6d6767eb85bdf058fe43eae1064d279cc52c1990"
"93","92","Chris Thompson","0","ThomCh03","WAS","28",NA,"10","0","43","178","0","16","4.1","17.8","1","db0feefe68962d7b3123b7c163d66d0514fb397e"
"94","93","Cordarrelle Patterson","0","PattCo00","NWE","27","rb/wr","15","5","42","228","1","27","5.4","15.2","1","0a071403500d095593304e37b7d9dd9e847eea6f"
"95","94","Javorius Allen","0","AlleJa01","BAL","27",NA,"14","0","41","110","3","17","2.7","7.9","1","1888651d0197c8780ef9c39573f3f27d4b6d24d5"
"96","95","Ty Montgomery","0","MontTy01","2TM","25",NA,"13","0","41","188","1","16","4.6","14.5","2","8ab40bb9f533a0e0340fdd330eb605406b23cfa4"
"97","96","Alex Smith","0","SmitAl03","WAS","34","QB","10","10","41","168","1","22","4.1","16.8","6","0edfd2da5355f0b283fbc6de04c8329ff61229d3"
"98","97","Duke Johnson","0","JohnDu00","CLE","25","rb","16","2","40","201","0","23","5","12.6","1","c16eb2b8b54985de1afd47d42148a759168b0b60"
"99","98","Theo Riddick","0","RiddTh00","DET","27","wr","14","3","40","171","0","19","4.3","12.2","0","7b1069a1836d3096e8d0934249daa25414e701fd"
"100","99","Baker Mayfield","0","MayfBa00","CLE","23","QB","14","13","39","131","0","35","3.4","9.4","7","1b6a601de20961cb3c1a2517db119c78c0933029"
"101","100","Trenton Cannon","0","CannTr00","NYJ","24",NA,"16","0","38","113","1","21","3","7.1","0","b99754b432ff6fcdd69cf66124aad241ccc18767"
"102","101","Taysom Hill","0","HillTa00","NOR","28","te/wr","16","4","37","196","2","35","5.3","12.3","1","d6afb6ab9bd35e0e9d228451285a058a3c798c28"
"103","102","Kalen Ballage","0","BallKa00","MIA","23",NA,"12","0","36","191","1","75","5.3","15.9","1","2a0933beb7d5193633338808d7adab555d5d207e"
"104","103","Ryan Fitzpatrick","0","FitzRy00","TAM","36","qb","8","7","36","152","2","18","4.2","19","4","66d8f27691c274512e9e79dd8458eeb457984e25"
"105","104","Devontae Booker","0","BookDe00","DEN","26",NA,"16","0","34","183","1","26","5.4","11.4","1","b61643b0e3a28639186873492aa4fccc155fe459"
"106","105","Raheem Mostert","0","MostRa00","SFO","26",NA,"9","0","34","261","1","52","7.7","29","1","be6ad4520a52dd600baaa7cc3e37b9727b63be2c"
"107","106","Carson Wentz","0","WentCa00","PHI","26","QB","11","11","34","93","0","13","2.7","8.5","9","a1b5619882f2eefe5076a444bbfc666c0f28a63d"
"108","107","Jacquizz Rodgers","0","RodgJa00","TAM","28",NA,"16","0","33","106","1","20","3.2","6.6","1","63e7f1664cb6d61765c4abec89d9985b08f06371"
"109","108","Matt Ryan","0","RyanMa00","ATL","33","QB","16","16","33","125","3","15","3.8","7.8","10","4109eff5cdc14953d76f8005942ef16ce89380aa"
"110","109","Ryan Tannehill","0","TannRy00","MIA","30","QB","11","11","32","145","0","20","4.5","13.2","5","f78d8be0f0c10b9d36bc44f8b871a6dad92490f6"
"111","110","Drew Brees","1","BreeDr00","NOR","39","QB","15","15","31","22","4","11","0.7","1.5","5","e93f3f91edbaca1665e26c041b17a5e35c5958f1"
"112","111","Ben Roethlisberger","0","RoetBe00","PIT","36","QB","16","16","31","98","3","18","3.2","6.1","7","da27a3abdeebfce14e2dd3d55a79e74142b539da"
"113","112","DeAndre Washington","0","WashDe00","OAK","25",NA,"10","0","30","115","0","13","3.8","11.5","1","111a9dff8c7d6940dcebae67c944eac503e18af9"
"114","113","Stevan Ridley","0","RidlSt00","PIT","29",NA,"10","0","29","80","1","12","2.8","8","2","1909c714b5c0b8796ec3ba10c642e21c4e9b34f0"
"115","114","Darren Sproles","0","SproDa00","PHI","35","rb","6","2","29","120","1","17","4.1","20","0","690b602fa9960f3aa712c3e029498dc702cc6da0"
"116","115","John Kelly","0","KellJo00","LAR","22",NA,"4","0","27","74","0","7","2.7","18.5","0","7886c570fe48735ea63faa6b75fcc0332573b991"
"117","116","Dwayne Washington","0","WashDw00","NOR","24",NA,"13","0","27","154","0","28","5.7","11.8","0","ca0304c985ebe85bcf475c554a6d485a15ebf169"
"118","117","Case Keenum","0","KeenCa00","DEN","30","QB","16","16","26","93","2","17","3.6","5.8","11","f0f2815b0101152c9d25178d750519e261446fbb"
"119","118","Jeff Driskel","0","DrisJe00","CIN","25","qb","9","5","25","130","2","27","5.2","14.4","4","a33d947852975e2d41b178851c9c75f588476b8a"
"120","119","Matthew Stafford","0","StafMa00","DET","30","QB","16","16","25","71","0","10","2.8","4.4","6","f4cf90f7d0b3a50b7a9e68b022ec7a44c5d9e160"
"121","120","Derek Carr","0","CarrDe02","OAK","27","QB","16","16","24","47","1","15","2","2.9","12","74f74537c40b4fe521f26334f2a433009c246d99"
"122","121","Tom Brady","1","BradTo00","NWE","41","QB","16","16","23","35","2","10","1.5","2.2","4","0a0973445a5bf263e69f2ba327c2bc0ff3c9ccc9"
"123","122","Josh Johnson","0","JohnJo05","WAS","32","qb","4","3","23","120","1","16","5.2","30","2","3033c612f32ee13f220cf6060a423f20dd1ce013"
"124","123","Ronald Jones","0","JoneRo01","TAM","21",NA,"9","0","23","44","1","9","1.9","4.9","0","8c23d05cfd4177ffc7d76bbb861d92e895748527"
"125","124","Josh Rosen","0","RoseJo01","ARI","21","QB","14","13","23","138","0","33","6","9.9","10","6615bd92ea2d0ccd1f61d2cce519c4aafb10d9c8"
"126","125","Tyreek Hill","1","HillTy00","KAN","24","WR","16","16","22","151","1","33","6.9","9.4","0","bb464d5b239b9276646fd735b408bc4d2517a3c3"
"127","126","Kapri Bibbs","0","BibbKa00","2TM","25",NA,"12","0","21","103","3","15","4.9","8.6","1","ecb54a3bab78874119b8f2719dd0c9d8979a2e39"
"128","127","Keith Ford","0","FordKe00","BUF","24","rb","2","1","21","79","0","11","3.8","39.5","0","38323e1a5bc5c8f5d06f1ae295e972a7c9fda9d5"
"129","128","Brian Hill","0","HillBr02","ATL","23",NA,"10","0","20","157","0","60","7.9","15.7","1","202d14298607ffa12b8bd7f53f798326e6e0b806"
"130","129","Cameron Artis-Payne","0","ArtiCa00","CAR","28",NA,"9","0","19","69","1","15","3.6","7.7","0","fe63169e65c4915564dd33aa5120a08bd536d232"
"131","130","Kenjon Barner","0","BarnKe00","2TM","28",NA,"9","0","19","71","0","11","3.7","7.9","1","0a2b88e6433e23338a2652378a05db44a32e7b8e"
"132","131","C.J. Beathard","0","BeatC.00","SFO","25","qb","6","5","19","69","1","13","3.6","11.5","5","0a46347674b6a5294973d3f7c6ebd0eaaca875d0"
"133","132","Joe Flacco","0","FlacJo00","BAL","33","QB","9","9","19","45","0","13","2.4","5","3","4352cc06730e7224edf4642d7aab84eeb9e403f3"
"134","133","Cody Kessler","0","KessCo00","JAX","25","qb","5","4","19","123","0","21","6.5","24.6","5","769ab85e0e8e6f4b85afed6473b24edb76f812e6"
"135","134","Robert Woods","0","WoodRo02","LAR","26","WR","16","16","19","157","1","56","8.3","9.8","0","94a9b471cbf0059fcd5e499e65db777cec419d2e"
"138","137","Andy Dalton","0","DaltAn00","CIN","31","QB","11","11","16","99","0","21","6.2","9","1","12458f0ba64c215e9ee6bfd7c2a9a7e9c6a83ab9"
"139","138","Mike Gillislee","0","GillMi00","NOR","28",NA,"4","0","16","43","0","5","2.7","10.8","1","8d975f6a0d5fbca6b03cea73e205bd5a36dc12a0"
"140","139","Tyrod Taylor","0","TaylTy00","CLE","29","qb","4","3","16","125","1","24","7.8","31.3","3","0f2a725a139d986842358f68cac1ce5f633c5a84"
"141","140","Eli Manning","0","MannEl00","NYG","37","QB","16","16","15","20","1","7","1.3","1.3","7","e2fed0507c12b536f49983e616380c48f3c363c7"
"142","141","Devonta Freeman","0","FreeDe00","ATL","26","rb","2","2","14","68","0","20","4.9","34","0","42951dd5b97dd4c36dde266b14ce8275c250ed56"
"143","142","Mark Walton","0","WaltMa00","CIN","21",NA,"14","0","14","34","0","10","2.4","2.4","0","70d24427cd290186964e7bd8aee02e4cb6445803"
"145","144","Corey Grant","0","GranCo00","JAX","27","rb","5","1","13","40","0","8","3.1","8","0","6ae83ff2c4dfd24aed17a4289d3c759efaa1e01a"
"146","145","Tyler Lockett","0","LockTy00","SEA","26","WR","16","14","13","69","0","18","5.3","4.3","2","e1193839f177d3047ced3eb1b74e28fc85338445"
"147","146","D.J. Moore","0","MoorD.00","CAR","21","WR","16","10","13","172","0","32","13.2","10.8","4","5e59dca6d09d14551289297d2c261b507bf7f914"
"148","147","Darrel Williams","0","WillDa10","KAN","23",NA,"6","0","13","44","0","8","3.4","7.3","0","64d3d4de94c8f3af2886ddbf3256a11bbc146c09"
"149","148","Mike Boone","0","BoonMi00","MIN","23",NA,"8","0","11","47","0","20","4.3","5.9","0","9284a39c7c0946c01d26aa023a730001ccffd6bf"
"150","149","Teddy Bridgewater","0","BridTe00","NOR","26","qb","5","1","11","5","0","9","0.5","1","0","a4e5fdbbfe6ed17bf8fd8ff31ca0d92614fd174f"
"151","150","Travaris Cadet","0","CadeTr00","CAR","29",NA,"1","0","11","17","0","5","1.5","17","0","677e0df0eb92c94d90f76a12a5495045f1bd8d13"
"152","151","Benny Cunningham","0","CunnBe01","CHI","28",NA,"15","0","11","20","0","6","1.8","1.3","0","636e339d2b4ce92ff508fde48065e5058329fb9b"
"154","153","Detrez Newsome","0","NewsDe00","LAC","24",NA,"9","0","11","49","0","16","4.5","5.4","0","82e85429d9375f2b8bb37b5f3c14c1493e0327ef"
"155","154","Brandin Cooks","0","CookBr00","LAR","25","WR","16","16","10","68","1","17","6.8","4.3","1","d8f89d2287e9a79614b80a016da3e943618c6523"
"156","155","Stefon Diggs","0","DiggSt00","MIN","25","WR","15","14","10","62","0","20","6.2","4.1","0","9c487ea8c20a94161761d667186a658e628fdd16"
"157","156","Colt McCoy","0","McCoCo00","WAS","32","qb","3","2","10","63","0","15","6.3","21","1","dad63357a21fd8d92f82471933722adb554cce3d"
"158","157","Isaiah McKenzie","0","McKeIs00","2TM","23",NA,"8","1","10","66","2","15","6.6","8.3","2","23a5972c2a3eefeda13662a2c07396fb3f4623ab"
"159","158","Nathan Peterman","0","PeteNa00","BUF","24","qb","4","2","10","50","1","24","5","12.5","0","b333f2bdbe93a1310999806bd9a32cf4b9f52391"
"160","159","Keenan Allen","1","AlleKe00","LAC","26","WR","16","14","9","75","0","28","8.3","4.7","3","87affa32ad693665c655acdb66e47b4c013137ee"
"161","160","Alex Armah","0","ArmaAl00","CAR","24","fb/wr","16","2","9","15","2","4","1.7","0.9","0","8307b8eee90024f7195402c77348a8fd7229b87d"
"162","161","Julian Edelman","0","EdelJu00","NWE","32","WR","12","12","9","107","0","20","11.9","8.9","1","9d5df7c8c30609adcdca1f5bebcd7653bdb134df"
"163","162","Nick Foles","0","FoleNi00","PHI","29","qb","5","5","9","17","0","4","1.9","3.4","4","b06ef76cf934b481493f14b4dd9de1012eab756b"
"164","163","Taylor Gabriel","0","GabrTa00","CHI","27","WR","16","11","9","61","0","20","6.8","3.8","1","6ca568e2dad63c0ac0e21950e2a78d3731a09b50"
"165","164","Jeremy Langford","0","LangJe00","ATL","27",NA,"1","0","9","25","0","7","2.8","25","0","68c7238c06f810891e02b92398ef33d25da1e567"
"166","165","Zach Line","0","LineZa01","NOR","28","fb","16","6","9","41","0","9","4.6","2.6","0","ce5f22d4f7fc33c6d206d27a7e73d5541751196d"
"167","166","Taquan Mizzell","0","MizzTa00","CHI","25","wr","9","1","9","16","0","7","1.8","1.8","0","b3b3850aecee9c656251521cd8149fdf0d645823"
"168","167","Dede Westbrook","0","WestDe00","JAX","25","WR","16","9","9","98","0","43","10.9","6.1","3","c02974d539830efd9e37c5e77fafc8a5d9ec0a13"
"169","168","Brandon Bolden","0","BoldBr00","MIA","28",NA,"16","0","8","91","2","54","11.4","5.7","1","d379b6db2527b35e565af95d8941253d051843c7"
"170","169","Jimmy Garoppolo","0","GaroJi00","SFO","27","qb","3","3","8","33","0","13","4.1","11","4","3c3ee50c039854c92a7261b4b4bed4d139d2071d"
"171","170","Kyle Juszczyk","1","JuszKy00","SFO","27","FB","16","14","8","30","0","12","3.8","1.9","2","39b3b6b95d47300f8659122bd8638e6d322202af"
"172","171","Brock Osweiler","0","OsweBr00","MIA","28","qb","7","5","8","21","0","7","2.6","3","1","f3bbe86a77df96ee8af456d55ee5bb20d20a44cd"
"173","172","Samaje Perine","0","PeriSa00","WAS","23",NA,"5","0","8","32","0","11","4","6.4","0","4ca90d707b0d9adb845a9fd15ef110e02da02682"
"174","173","Curtis Samuel","0","SamuCu00","CAR","22","WR","13","8","8","84","2","33","10.5","6.5","1","bf26b819dd526189d428da766a469119f99b28c2"
"176","175","Roc Thomas","0","ThomRo05","MIN","23",NA,"5","0","8","30","0","23","3.8","6","0","b25dafeb364ebb7a5e0ad045bf7567921cae9bba"
"177","176","David Williams","0","WillDa011","JAX","24",NA,"6","0","8","36","0","15","4.5","6","0","e286c682ddcdfbbd1d79bfa5a61166bdf521b654"
"178","177","Albert Wilson","0","WilsAl02","MIA","26","wr","7","3","8","16","0","5","2","2.3","0","fccaff1ba47a8380a4330c137c6a0e62faf207f5"
"179","178","Travis Benjamin","0","BenjTr00","LAC","29","wr","12","3","7","41","0","19","5.9","3.4","0","e090ce950baccf17cd303c183c56ed138f3bf441"
"183","182","Elijhaa Penny","0","PennEl00","NYG","25","rb","14","3","7","25","0","8","3.6","1.8","0","a829b84cf88c65d4d7c6d6988e2159771994464a"
"184","183","Mohamed Sanu","0","SanuMo00","ATL","29","WR","16","16","7","44","0","24","6.3","2.8","2","fb97099bd7c4970e6caefaa71a7893010c055a0d"
"185","184","Mike Williams","0","WillMi07","LAC","24","wr","16","5","7","28","1","19","4","1.8","0","6ae0d7103f0d8b8d107a9f1b2f52d57bd854a3ff"
"186","185","Tavon Austin","0","AustTa00","DAL","28",NA,"7","0","6","55","0","18","9.2","7.9","0","9dae6a8c87b6beb596938d23cdfb693370a4f98f"
"187","186","Jamaal Charles","0","CharJa00","JAX","32",NA,"2","0","6","7","0","5","1.2","3.5","0","169cd80e224352b26973436f36d7f925df74fc65"
"188","187","Corey Davis","0","DaviCo03","TEN","23","WR","16","16","6","55","0","39","9.2","3.4","1","ae4426ae5bd34c54871be9b5647161b65f1c2971"
"192","191","Darius Jackson","0","JackDa01","2TM","25",NA,"4","0","6","16","0","4","2.7","4","0","257f9e635bfdc5d57288bece2f65b58d924b86d6"
"193","192","DeSean Jackson","0","JackDe00","TAM","32","WR","12","10","6","29","1","14","4.8","2.4","0","182458f02ff77c8ea2bfe491ab794ee1c8288355"
"194","193","Anthony Miller","0","MillAn02","CHI","24","wr","15","4","6","26","0","9","4.3","1.7","1","7f60e546f23fadb852b0a60343ad718e6d786196"
"195","194","Calvin Ridley","0","RidlCa00","ATL","24","wr","16","5","6","27","0","9","4.5","1.7","2","ffaaac513128bdb17cd38de4e15f75ef8d38a5ce"
"196","195","Jonathan Stewart","0","StewJo00","NYG","31",NA,"3","0","6","17","0","5","2.8","5.7","0","9a44288c4c95e869980048ec9cb5c92c0ab5c208"
"197","196","Ryan Switzer","0","SwitRy00","PIT","24","wr","16","1","6","21","0","8","3.5","1.3","2","f92e1ae8cf2cac2326d6d262008d480839da09d1"
"198","197","Brandon Wilds","0","WildBr01","JAX","25",NA,"3","0","6","15","0","5","2.5","5","0","9369f5969a957543243052b6b75339854a270136"
"199","198","Shaun Wilson","0","WilsSh01","TAM","23",NA,"5","0","6","29","0","9","4.8","5.8","0","1a64626db50a19221dd49a8a17c90d8cf26c022d"
"200","199","Kyle Allen","0","AlleKy00","CAR","22","qb","2","1","5","19","1","10","3.8","9.5","0","1ca0675238df91361c8f4575b4092eae75ca4551"
"201","200","Odell Beckham","0","BeckOd00","NYG","26","WR","12","12","5","19","0","11","3.8","1.6","2","3395ed7c167ee0190f6f55fc20ef21d50c54d684"
"202","201","Taylor Heinicke","0","HeinTa00","CAR","25","qb","6","1","5","31","0","19","6.2","5.2","1","2288306b7e1d8688c21eaf17067a6eac2f1fb49f"
"203","202","DeShone Kizer","0","KizeDe00","GNB","22",NA,"3","0","5","39","0","12","7.8","13","1","969d0fd7da35d3100ae7ab16e98e41975a91bdee"
"204","203","Josh McCown","0","McCoJo01","NYJ","39","qb","4","3","5","32","0","12","6.4","8","0","7227d0146fa91cc09db3492e5451c3fdab706544"
"205","204","Chris Moore","0","MoorCh00","BAL","25",NA,"16","0","5","17","0","9","3.4","1.1","0","d4265b515c70683da9084c5075e42596a6bdef92"
"206","205","Adam Thielen","1","ThieAd00","MIN","28","WR","16","16","5","30","0","15","6","1.9","1","267331c77809c847dbfa5c404a4d30c3857af548"
"207","206","Sammy Watkins","0","WatkSa00","KAN","25","WR","10","9","5","52","0","31","10.4","5.2","1","138459af4deddf388cc089aaec3fe1a75dc42369"
"208","207","Jamison Crowder","0","CrowJa00","WAS","25","wr","9","7","4","30","0","25","7.5","3.3","0","652ed04bf9feb6069a08a973f6b8100c4767a7aa"
"209","208","Joshua Dobbs","0","DobbJo00","PIT","23",NA,"5","0","4","11","0","10","2.8","2.2","0","c8b65162008be4220132fb07f91a3261caa08733"
"210","209","Phillip Dorsett","0","DorsPh00","NWE","25","wr","16","2","4","29","0","17","7.3","1.8","0","e42b794abdc89df5d7e2702b4ba0ec913c912f30"
"211","210","David Fluellen","0","FlueDa00","TEN","26",NA,"7","0","4","16","0","13","4","2.3","0","9ca6e6fa2bbfbc0ce467e2ccf0f7858f0be6ba88"
"212","211","Marquise Goodwin","0","GoodMa00","SFO","28","WR","11","8","4","9","0","5","2.3","0.8","1","f52b67218af27dc615bb315dd64b3c90c3a47557"
"213","212","Jeremy Hill","0","HillJe01","NWE","26",NA,"1","0","4","25","0","11","6.3","25","0","b1f042fc6fef41a59216d237fffcf6e22e3fbb3d"
"214","213","Robert Kelley","0","KellRo00","WAS","26",NA,"2","0","4","8","0","6","2","4","0","06620a4c94966f1d68e91b6f2cb91a8cfac2defc"
"215","214","Cooper Kupp","0","KuppCo00","LAR","25","WR","8","8","4","25","0","12","6.3","3.1","0","8bd9e83da2ae7375817c10cfce7a7f70ae852b10"
"216","215","Jeremy McNichols","0","McNiJe00","2TM","23",NA,"2","0","4","8","0","7","2","4","0","4a3b1b3804af6f7cc1b6364e0fedfdbc09a31991"
"219","218","John Ross","0","RossJo00","CIN","24","WR","13","10","4","9","0","7","2.3","0.7","0","9545e798e4a74aa3354e1fab4283cc0e590937a5"
"220","219","Emmanuel Sanders","0","SandEm00","DEN","31","WR","12","12","4","53","1","35","13.3","4.4","1","2c12b98d3bdc10ffc8862afa666e8858c7f0243d"
"221","220","Golden Tate","0","TateGo00","2TM","30",NA,"15","8","4","34","0","30","8.5","2.3","3","97e320f8b2d01b88c021f5d2cb71e898acfd95fb"
"222","221","Robert Turbin","0","TurbRo00","IND","29",NA,"2","0","4","10","0","5","2.5","5","1","55e3f8a3fa42cd20c2f1fbe3f37a404dc4dacb28"
"223","222","Derek Watt","0","WattDe00","LAC","26","fb","16","5","4","11","0","8","2.8","0.7","0","6f82adada6470cf35292eebf44db8ae1ffbc5df0"
"224","223","Nelson Agholor","0","AghoNe00","PHI","25","WR","16","16","3","32","0","16","10.7","2","1","08c54c8e9d1d1730628521348e2540edcbb4933e"
"227","226","Martavis Bryant","0","BryaMa00","OAK","27","wr","8","2","3","23","0","17","7.7","2.9","1","4355fc26f28c281a404470602b08caaee8581a3d"
"230","229","Evan Engram","0","EngrEv00","NYG","24","TE","11","8","3","36","0","14","12","3.3","0","3bd689f5c39fcbef42515d14e3fd7be47af28107"
"231","230","Alex Erickson","0","EricAl01","CIN","26","wr","16","6","3","22","0","14","7.3","1.4","1","ee1169e348829d8627b7438f8a5f60e06d768aa9"
"232","231","Ted Ginn","0","GinnTe00","NOR","33","wr","5","3","3","26","0","20","8.7","5.2","1","65ec506302dcb244c84c9725b6525ec797b6a545"
"233","232","Christian Kirk","0","KirkCh01","ARI","22","wr","12","7","3","35","0","23","11.7","2.9","0","c3055770844e0e51c53d25d39dbeb3cd5fc97f78"
"234","233","Jarvis Landry","1","LandJa00","CLE","26","WR","16","14","3","60","1","51","20","3.8","1","80b22c38577d6653d1efeea82ca59b880738bd73"
"236","235","Byron Marshall","0","MarsBy01","WAS","24",NA,"6","0","3","9","0","4","3","1.5","0","4ad81c14c318a1bf58e844719d778cdc6709219b"
"238","237","J.D. McKissic","0","McKiJ.00","SEA","25",NA,"5","0","3","8","0","6","2.7","1.6","0","3f360c3d3940bb9135612213a4272045179185a4"
"239","238","Tim Patrick","0","PatrTi00","DEN","25","wr","16","4","3","17","0","13","5.7","1.1","2","cbeb586d67b6b96f947ab2890af8a5c9415fbe55"
"241","240","Sterling Shepard","0","ShepSt00","NYG","25","WR","16","16","3","33","0","27","11","2.1","1","633498fa5d1bcf6cf2d7ea96af3fdeac0ecd900e"
"246","245","Sam Bradford","0","BradSa00","ARI","31","qb","3","3","2","7","0","8","3.5","2.3","3","48fc98e8ab051fdccf4530b54fabb79fb143f68e"
"248","247","Matt Cassel","0","CassMa00","DET","36",NA,"2","0","2","13","0","14","6.5","6.5","0","25ffaa6326436d1e12820c5374b522b94d4c89e7"
"250","249","Amari Cooper","1","CoopAm00","2TM","24",NA,"15","15","2","20","0","11","10","1.3","2","513dfe7348732a5e116482dabd2c0f9180b42c3f"
"251","250","Justin Davis","0","DaviJu00","LAR","23",NA,"11","0","2","19","0","19","9.5","1.7","0","f58a72253bb1b18a57e3eea93088fdea36ae9cbd"
"252","251","Gerald Everett","0","EverGe00","LAR","24",NA,"16","0","2","16","0","12","8","1","0","4573e6af713ec8f3576b43dc8826062b544ba2dd"
"255","254","Dwayne Harris","0","HarrDw00","OAK","31","wr","15","1","2","12","0","13","6","0.8","2","7b67ff8d4d042dff597204add1260b506f9f4d44"
"256","255","Maurice Harris","0","HarrMa05","WAS","26","wr","12","7","2","10","0","6","5","0.8","1","1acfa9a812912ab8c99dc83b674160ca09b5a59c"
"257","256","De'Angelo Henderson","0","HendDe01","NYJ","26",NA,"3","0","2","19","0","13","9.5","6.3","1","70271c817cc01f8343826dda49f7fd244775a052"
"258","257","Adam Humphries","0","HumpAd00","TAM","25","WR","16","10","2","11","0","7","5.5","0.7","2","ce31c5de98b6eaed0509fdf13508bccfb0f871e4"
"260","259","Julio Jones","1","JoneJu02","ATL","29","WR","16","16","2","12","0","11","6","0.8","2","556e9d042f8aa653dba41c3db64971332df42b30"
"261","260","Jourdan Lewis","0","LewiJo01","DAL","23","cb","15","1","2","12","0","7","6","0.8","0","c3dfe0ff1b8b824abc5a3bb3060c83c0371c0489"
"262","261","Tommylee Lewis","0","LewiTo00","NOR","26","wr","7","3","2","10","0","6","5","1.4","1","790942ce829db4862d42d0a3682cdf8959026724"
"265","264","Christine Michael","0","MichCh00","IND","28",NA,"1","0","2","9","0","8","4.5","9","0","0e1e665959a7f2a7133bc65e6b73d702c49b7bed"
"268","267","Paul Richardson","0","RichPa01","WAS","26","wr","7","4","2","9","0","7","4.5","1.3","0","d7459640f8288292e5187f1b64891a8793cbe596"
"269","268","Andre Roberts","1","RobeAn00","NYJ","30","wr","16","1","2","20","0","18","10","1.3","3","f69154f10f1e5fdbe1339442ee393a2d09fa700a"
"271","270","Marquez Valdes-Scantling","0","ValdMa00","GNB","24","WR","16","10","2","29","0","21","14.5","1.8","0","8bedb38fc57205df408d097079fae039d7715f51"
"273","272","Tyrell Williams","0","WillTy00","LAC","26","lcb/wr","16","10","2","15","0","14","7.5","0.9","2","8d2463c42be9442e3a94b4a5ad5ea6103ea72388"
"274","273","Jarius Wright","0","WrigJa02","CAR","29","fb/wr","16","6","2","39","0","34","19.5","2.4","3","bdefefa6480137c8fb033bb68ee4241368ccaa05"
"276","275","Jamal Agnew","0","AgneJa00","DET","23",NA,"6","0","1","17","0","17","17","2.8","1","cb2ad3e777ba1cd6c1ff4e51e38bb6abe1076426"
"284","283","Leonte Carroo","0","CarrLe00","MIA","24",NA,"9","0","1","14","0","14","14","1.6","0","340a5c77b0948bccd107aac3b60bd3aa6a385157"
"288","287","Ed Dickson","0","DickEd00","SEA","31","te","10","1","1","9","0","9","9","0.9","0","5734332dfdd43c5d85463a2f7824678ed7783212"
"291","290","Riley Dixon","0","DixoRi00","NYG","25","P","16","0","1","14","0","14","14","0.9","0","d986457bc3e9116d7cdb42ba13e22d7a141a10ef"
"296","295","Raven Greene","0","GreeRa02","GNB","23",NA,"8","0","1","26","0","26","26","3.3","0","27e8cfda501d57745c2dc4b593f8f7d222a9d5d0"
"299","298","Chad Henne","0","HennCh01","KAN","33",NA,"1","0","1","3","0","3","3","3","0","dee177719718fcb5616f48342d12eff930e9b920"
"318","317","Brandon Powell","0","PoweBr00","DET","22","wr","6","1","1","4","0","4","4","0.7","0","fa61fffa1b5621f1179ab58a5500f53080232243"
"322","321","Allen Robinson","0","RobiAl02","CHI","25","WR","13","12","1","9","0","9","9","0.7","1","4f658b5b169fd4716a3a8cb548c0a2f367afa821"
"325","324","Mark Sanchez","0","SancMa00","WAS","32","qb","2","1","1","8","0","8","8","4","1","c0b6160b8ed3484c2c8334a0f05deb235a86ebd1"
"327","326","Tajae Sharpe","0","SharTa00","TEN","24","WR","16","13","1","16","0","16","16","1","0","dc8953998974fb771b6a5600b968c9a891bb03de"
"330","329","JuJu Smith-Schuster","1","SmitJu00","PIT","22","WR","16","13","1","13","0","13","13","0.8","1","fe3b55a808752b4c70a60efc4f4a58aaa9f90cee"
"331","330","Willie Snead","0","SneaWi00","BAL","26","WR","16","10","1","13","0","13","13","0.8","0","d4d8cc1dd206e3a08e382622aa68f0855700a41a"
"336","335","De'Anthony Thomas","0","ThomDe05","KAN","25",NA,"5","0","1","6","0","6","6","1.2","1","08d136adf3325a7c388e5574a50f4fc257eaff34"
"337","336","Johnny Townsend","0","TownJo01","OAK","23","P","16","0","1","42","0","42","42","2.6","0","5e833a1609522f66787d8cd6c96c88751b6b1bbb"
"338","337","De'Lance Turner","0","TurnDe01","BAL","23",NA,"4","0","1","4","0","4","4","1","0","cc9efc4165813a0c01753df1e4335abe5de36a1b"
"339","338","Darren Waller","0","WallDa01","OAK","26",NA,"4","0","1","21","0","21","21","5.3","0","8c56a1d180a434b4d861b156f3a3122bc002af89"
"341","340","Chad Williams","0","WillCh05","ARI","24","wr","10","7","1","9","0","9","9","0.9","0","58abf1dffc2a2b2266b09046db2191e3af40565c"
