"","Rk","Player","Pro_Bowl","Abbreviation","Tm","Age","Pos","G","GS","Tgt","Rec","Ctch.","Yds","Y.R","TD","Lng","Y.Tgt","R.G","Y.G","Fmb","Player_ID"
"1",1,"Michael Thomas","1","ThomMi05","NOR",25,"WR",16,16,147,125,0.85,1405,11.2,9,72,9.6,7.8,87.8,2,"f42918d03ef1b327a62ccad9e63bdb0057cdfb38"
"2",2,"Zach Ertz","1","ErtzZa00","PHI",28,"TE",16,16,156,116,0.744,1163,10,8,34,7.5,7.3,72.7,1,"b7c5b9f7ab7ff312335e11ba20dbb186d506e7b8"
"3",3,"DeAndre Hopkins","1","HopkDe00","HOU",26,"WR",16,16,163,115,0.706,1572,13.7,11,49,9.6,7.2,98.3,2,"a04728586e539d5958a65d619807c69eb981da93"
"4",4,"Julio Jones","1","JoneJu02","ATL",29,"WR",16,16,170,113,0.665,1677,14.8,8,58,9.9,7.1,104.8,2,"556e9d042f8aa653dba41c3db64971332df42b30"
"5",5,"Adam Thielen","1","ThieAd00","MIN",28,"WR",16,16,153,113,0.739,1373,12.2,9,68,9,7.1,85.8,1,"267331c77809c847dbfa5c404a4d30c3857af548"
"6",6,"Davante Adams","1","AdamDa01","GNB",26,"WR",15,15,169,111,0.657,1386,12.5,13,57,8.2,7.4,92.4,0,"d6bd5302570fb9109f62e335b63f62a2d969e7a0"
"7",7,"JuJu Smith-Schuster","1","SmitJu00","PIT",22,"WR",16,13,166,111,0.669,1426,12.8,7,97,8.6,6.9,89.1,1,"fe3b55a808752b4c70a60efc4f4a58aaa9f90cee"
"8",8,"Christian McCaffrey","0","McCaCh01","CAR",22,"RB",16,16,124,107,0.863,867,8.1,6,38,7,6.7,54.2,4,"4eefefb59694d73f613a02dbc5c222596ac76287"
"9",9,"Antonio Brown","1","BrowAn04","PIT",30,"WR",15,15,168,104,0.619,1297,12.5,15,78,7.7,6.9,86.5,0,"552898643f26b8e62d5ab6ca347e13a3c5af7262"
"10",10,"Travis Kelce","1","KelcTr00","KAN",29,"TE",16,16,150,103,0.687,1336,13,10,43,8.9,6.4,83.5,2,"022a076ff9d2a86e2f25b686ab10ceeff1781cc1"
"11",11,"Stefon Diggs","0","DiggSt00","MIN",25,"WR",15,14,149,102,0.685,1021,10,9,75,6.9,6.8,68.1,0,"9c487ea8c20a94161761d667186a658e628fdd16"
"12",12,"Keenan Allen","1","AlleKe00","LAC",26,"WR",16,14,136,97,0.713,1196,12.3,6,54,8.8,6.1,74.8,3,"87affa32ad693665c655acdb66e47b4c013137ee"
"13",13,"Saquon Barkley","1","BarkSa00","NYG",21,"RB",16,16,121,91,0.752,721,7.9,4,57,6,5.7,45.1,0,"db2f4008d05f7081ba007cc38364b42d259db21b"
"14",14,"George Kittle","1","KittGe00","SFO",25,"TE",16,16,136,88,0.647,1377,15.6,5,85,10.1,5.5,86.1,0,"ba108da83124a80ffc921fcc8386e7e4bcf89890"
"15",15,"Tyreek Hill","1","HillTy00","KAN",24,"WR",16,16,137,87,0.635,1479,17,12,75,10.8,5.4,92.4,0,"bb464d5b239b9276646fd735b408bc4d2517a3c3"
"16",16,"James White","0","WhitJa02","NWE",26,"rb",16,3,123,87,0.707,751,8.6,7,42,6.1,5.4,46.9,0,"0d97d700eb70904d2b33d63cf5bec8a523790f70"
"17",17,"Mike Evans","1","EvanMi00","TAM",25,"WR",16,16,138,86,0.623,1524,17.7,8,72,11,5.4,95.3,2,"922ec142153ca15448e60f63ac47e2985cb8582f"
"18",18,"Robert Woods","0","WoodRo02","LAR",26,"WR",16,16,130,86,0.662,1219,14.2,6,39,9.4,5.4,76.2,0,"94a9b471cbf0059fcd5e499e65db777cec419d2e"
"19",19,"Alvin Kamara","1","KamaAl00","NOR",23,"RB",15,13,105,81,0.771,709,8.8,4,42,6.8,5.4,47.3,1,"97b0829d46c3f8f9e542fdea44ee53426dbf7ad3"
"20",20,"Jarvis Landry","1","LandJa00","CLE",26,"WR",16,14,149,81,0.544,976,12,4,51,6.6,5.1,61,1,"80b22c38577d6653d1efeea82ca59b880738bd73"
"21",21,"Brandin Cooks","0","CookBr00","LAR",25,"WR",16,16,117,80,0.684,1204,15.1,5,57,10.3,5,75.3,1,"d8f89d2287e9a79614b80a016da3e943618c6523"
"22",22,"Odell Beckham","0","BeckOd00","NYG",26,"WR",12,12,124,77,0.621,1052,13.7,6,51,8.5,6.4,87.7,2,"3395ed7c167ee0190f6f55fc20ef21d50c54d684"
"23",23,"Ezekiel Elliott","1","ElliEz00","DAL",23,"RB",15,15,95,77,0.811,567,7.4,3,38,6,5.1,37.8,6,"c64e3f731185e1db9cb216b685aa24540757ab0d"
"24",24,"Tyler Boyd","0","BoydTy00","CIN",24,"WR",14,14,108,76,0.704,1028,13.5,7,49,9.5,5.4,73.4,0,"586b4f7df4b9d1e15e2f33c1265c8096bb15624a"
"25",25,"T.Y. Hilton","0","HiltT.00","IND",29,"WR",14,14,120,76,0.633,1270,16.7,6,68,10.6,5.4,90.7,0,"519b0769dd9689ef3432ee2bbf3f74c1f69f744b"
"26",26,"Adam Humphries","0","HumpAd00","TAM",25,"WR",16,10,105,76,0.724,816,10.7,5,51,7.8,4.8,51,2,"ce31c5de98b6eaed0509fdf13508bccfb0f871e4"
"27",27,"Amari Cooper","1","CoopAm00","2TM",24,NA,15,15,107,75,0.701,1005,13.4,7,90,9.4,5,67,2,"513dfe7348732a5e116482dabd2c0f9180b42c3f"
"28",28,"Julian Edelman","0","EdelJu00","NWE",32,"WR",12,12,108,74,0.685,850,11.5,6,36,7.9,6.2,70.8,1,"9d5df7c8c30609adcdca1f5bebcd7653bdb134df"
"29",29,"Golden Tate","0","TateGo00","2TM",30,NA,15,8,113,74,0.655,795,10.7,4,67,7,4.9,53,3,"97e320f8b2d01b88c021f5d2cb71e898acfd95fb"
"30",30,"Tarik Cohen","1","CoheTa00","CHI",23,"rb/wr",16,7,91,71,0.78,725,10.2,5,70,8,4.4,45.3,7,"1e50bc21490a0bf1e0bab891c4f9a7822a0095b9"
"31",31,"Austin Hooper","1","HoopAu00","ATL",24,"te",16,7,88,71,0.807,660,9.3,4,36,7.5,4.4,41.3,0,"93e34222cec3555495728695362ce4bd534f4993"
"32",32,"Emmanuel Sanders","0","SandEm00","DEN",31,"WR",12,12,98,71,0.724,868,12.2,4,64,8.9,5.9,72.3,1,"2c12b98d3bdc10ffc8862afa666e8858c7f0243d"
"33",33,"Kenny Golladay","0","GollKe00","DET",25,"WR",15,13,119,70,0.588,1063,15.2,5,60,8.9,4.7,70.9,1,"ad96073c35d1e23f0a11f7d20dda13bfe104b8a3"
"34",34,"Larry Fitzgerald","0","FitzLa00","ARI",35,"WR",16,16,112,69,0.616,734,10.6,6,37,6.6,4.3,45.9,0,"e0cc7e39d5d3ae8ff63424e023c8966155710ae0"
"35",35,"Jared Cook","1","CookJa02","OAK",31,"TE",16,14,101,68,0.673,896,13.2,6,45,8.9,4.3,56,0,"04c214d375a991ba515382a9d5a7d9bc026ddf62"
"36",36,"Jalen Richard","0","RichJa01","OAK",25,"rb",16,1,81,68,0.84,607,8.9,0,32,7.5,4.3,37.9,3,"a48998684ed046c4fda89c3fb75661bc700e782b"
"37",37,"Taylor Gabriel","0","GabrTa00","CHI",27,"WR",16,11,93,67,0.72,688,10.3,2,54,7.4,4.2,43,1,"6ca568e2dad63c0ac0e21950e2a78d3731a09b50"
"38",38,"Eric Ebron","1","EbroEr00","IND",25,"te/wr",16,8,110,66,0.6,750,11.4,13,53,6.8,4.1,46.9,1,"051dc18c87755bbf74324cfedc9133c2d98a4525"
"39",39,"Mohamed Sanu","0","SanuMo00","ATL",29,"WR",16,16,94,66,0.702,838,12.7,4,44,8.9,4.1,52.4,2,"fb97099bd7c4970e6caefaa71a7893010c055a0d"
"40",40,"Sterling Shepard","0","ShepSt00","NYG",25,"WR",16,16,107,66,0.617,872,13.2,4,58,8.1,4.1,54.5,1,"633498fa5d1bcf6cf2d7ea96af3fdeac0ecd900e"
"41",41,"Dede Westbrook","0","WestDe00","JAX",25,"WR",16,9,101,66,0.653,717,10.9,5,61,7.1,4.1,44.8,3,"c02974d539830efd9e37c5e77fafc8a5d9ec0a13"
"42",42,"Cole Beasley","0","BeasCo00","DAL",29,"wr",16,4,87,65,0.747,672,10.3,3,32,7.7,4.1,42,0,"120cb5d946b632da58bcf31dbcbfb1a204fcc96f"
"43",43,"Corey Davis","0","DaviCo03","TEN",23,"WR",16,16,112,65,0.58,891,13.7,4,51,8,4.1,55.7,1,"ae4426ae5bd34c54871be9b5647161b65f1c2971"
"44",44,"Alshon Jeffery","0","JeffAl00","PHI",28,"WR",13,13,92,65,0.707,843,13,6,52,9.2,5,64.8,1,"a1b8780e9bc4a39720b2ef898d4e064bb465f0c5"
"45",45,"Nelson Agholor","0","AghoNe00","PHI",25,"WR",16,16,97,64,0.66,736,11.5,4,83,7.6,4,46,1,"08c54c8e9d1d1730628521348e2540edcbb4933e"
"46",46,"Calvin Ridley","0","RidlCa00","ATL",24,"wr",16,5,92,64,0.696,821,12.8,10,75,8.9,4,51.3,2,"ffaaac513128bdb17cd38de4e15f75ef8d38a5ce"
"47",47,"Kyle Rudolph","0","RudoKy00","MIN",29,"TE",16,16,82,64,0.78,634,9.9,4,44,7.7,4,39.6,0,"e8ee54abfbcde7f167e9aa8232d541eb904d46db"
"48",48,"Nyheim Hines","0","HineNy00","IND",22,"rb",16,4,81,63,0.778,425,6.7,2,28,5.2,3.9,26.6,1,"f770d53475f582088ff21adf328069247e20bcf9"
"49",49,"Jordy Nelson","0","NelsJo00","OAK",33,"WR",15,14,88,63,0.716,739,11.7,3,66,8.4,4.2,49.3,1,"ac8738cd7e6149a2c03673dd17ed2d9a3281f98c"
"50",50,"Willie Snead","0","SneaWi00","BAL",26,"WR",16,10,95,62,0.653,651,10.5,1,28,6.9,3.9,40.7,0,"d4d8cc1dd206e3a08e382622aa68f0855700a41a"
"51",51,"Theo Riddick","0","RiddTh00","DET",27,"wr",14,3,74,61,0.824,384,6.3,0,20,5.2,4.4,27.4,0,"7b1069a1836d3096e8d0934249daa25414e701fd"
"52",52,"Danny Amendola","0","AmenDa00","MIA",33,"WR",15,15,79,59,0.747,575,9.7,1,39,7.3,3.9,38.3,2,"c3fe4abf2984e6c127518217916d7737ca313a6f"
"53",53,"Chris Godwin","0","GodwCh00","TAM",22,"wr",16,5,95,59,0.621,842,14.3,7,48,8.9,3.7,52.6,4,"90760ba4f440644b956ede0bc81f8de6f46ad279"
"54",54,"Todd Gurley","1","GurlTo01","LAR",24,"RB",14,14,81,59,0.728,580,9.8,4,56,7.2,4.2,41.4,1,"aee5af97207dc328fd824eb619d204afbea4f14b"
"55",55,"Dion Lewis","0","LewiDi00","TEN",28,"rb",16,7,67,59,0.881,400,6.8,1,37,6,3.7,25,1,"a9edf232b0632d89b98049488b5ff4e0fc7681ee"
"56",56,"Demaryius Thomas","0","ThomDe03","2TM",31,NA,15,15,89,59,0.663,677,11.5,5,45,7.6,3.9,45.1,0,"5b4fa55cf60fe579a27a5c2049a757c7869346fd"
"57",57,"Tyler Lockett","0","LockTy00","SEA",26,"WR",16,14,70,57,0.814,965,16.9,10,52,13.8,3.6,60.3,2,"e1193839f177d3047ced3eb1b74e28fc85338445"
"58",58,"Zay Jones","0","JoneZa00","BUF",23,"WR",16,15,102,56,0.549,652,11.6,7,57,6.4,3.5,40.8,1,"ffa5106d08f72fbf4c31a0e9a55167a5158821cf"
"59",59,"David Njoku","0","NjokDa00","CLE",22,"TE",16,14,88,56,0.636,639,11.4,4,66,7.3,3.5,39.9,0,"4aea81dfcffbb905f093fa9fd3b386941daffac7"
"60",60,"James Conner","1","ConnJa00","PIT",23,"RB",13,12,71,55,0.775,497,9,1,29,7,4.2,38.2,4,"0a9c8ba675828d79c319819a0a920dd75a9b8864"
"61",61,"Jimmy Graham","0","GrahJi00","GNB",32,"TE",16,12,89,55,0.618,636,11.6,2,54,7.1,3.4,39.8,0,"f172c5b43214fa934e5fd0c15d4f6b6da3728b88"
"62",62,"D.J. Moore","0","MoorD.00","CAR",21,"WR",16,10,82,55,0.671,788,14.3,2,82,9.6,3.4,49.3,4,"5e59dca6d09d14551289297d2c261b507bf7f914"
"63",63,"Allen Robinson","0","RobiAl02","CHI",25,"WR",13,12,94,55,0.585,754,13.7,4,43,8,4.2,58,1,"4f658b5b169fd4716a3a8cb548c0a2f367afa821"
"64",64,"T.J. Yeldon","0","YeldT.00","JAX",25,"rb",14,5,78,55,0.705,487,8.9,4,37,6.2,3.9,34.8,1,"d47fcb096861bb1563229d905022cc30f93ea174"
"65",65,"Trey Burton","0","BurtTr01","CHI",27,"TE",16,16,76,54,0.711,569,10.5,6,47,7.5,3.4,35.6,1,"deacc75646c5f27b72780fa5da0154203ce42ea8"
"66",66,"Michael Crabtree","0","CrabMi00","BAL",31,"WR",16,16,100,54,0.54,607,11.2,3,27,6.1,3.4,37.9,0,"f9b5552fed607fdc748fa9acbaf22787bd8e7770"
"67",67,"Jordan Reed","0","ReedJo02","WAS",28,"te/wr",13,8,84,54,0.643,558,10.3,2,34,6.6,4.2,42.9,1,"b2458f83c387795c9929b29100859f090309723b"
"68",68,"Kenyan Drake","0","DrakKe00","MIA",24,"rb",16,7,73,53,0.726,477,9,5,52,6.5,3.3,29.8,2,"e5fe633eac5744b26a2c28612865b86ebb39dfdd"
"69",69,"Chester Rogers","0","RogeCh02","IND",24,"WR",16,10,72,53,0.736,485,9.2,2,34,6.7,3.3,30.3,1,"9339a559ed9f5e966778e9b2e96efc4a8ded429a"
"70",70,"Robby Anderson","0","AndeRo04","NYJ",25,"WR",14,9,94,50,0.532,752,15,6,76,8,3.6,53.7,2,"e22f6026e8c71fba9f09b3e4ec55441c1778ca0a"
"71",71,"Doug Baldwin","0","BaldDo00","SEA",30,"WR",13,13,73,50,0.685,618,12.4,5,42,8.5,3.8,47.5,0,"0d97f4cda137173ef3b87ee8920e8c1582298e5b"
"72",72,"Melvin Gordon","1","GordMe00","LAC",25,"RB",12,12,66,50,0.758,490,9.8,4,66,7.4,4.2,40.8,1,"d39df8d4e5c51df6172c2099ebeba82cc604fef4"
"73",73,"David Johnson","0","JohnDa08","ARI",27,"RB",16,16,76,50,0.658,446,8.9,3,40,5.9,3.1,27.9,3,"fa817af98fa0d7e93f2e3095fdde56ff5c061f61"
"74",74,"Vance McDonald","0","McDoVa00","PIT",28,"TE",15,14,72,50,0.694,610,12.2,4,75,8.5,3.3,40.7,2,"5bf6413fe2aa880d2cc9b333c92f43e3c8b05051"
"75",75,"Donte Moncrief","0","MoncDo00","JAX",25,"WR",16,14,89,48,0.539,668,13.9,3,80,7.5,3,41.8,1,"eb3e15acd351d6c5e07562062f3ed249ed932df6"
"76",76,"Rob Gronkowski","0","GronRo00","NWE",29,"TE",13,11,72,47,0.653,682,14.5,3,42,9.5,3.6,52.5,1,"0e972c34a76150cff5a24a82b428c37e509a0c94"
"77",77,"Duke Johnson","0","JohnDu00","CLE",25,"rb",16,2,62,47,0.758,429,9.1,3,32,6.9,2.9,26.8,1,"c16eb2b8b54985de1afd47d42148a759168b0b60"
"78",78,"A.J. Green","0","GreeA.00","CIN",30,"WR",9,9,77,46,0.597,694,15.1,6,38,9,5.1,77.1,2,"3b51d90098034a475d9261fb9e7560d928a04d1e"
"79",79,"Evan Engram","0","EngrEv00","NYG",24,"TE",11,8,64,45,0.703,577,12.8,3,54,9,4.1,52.5,0,"3bd689f5c39fcbef42515d14e3fd7be47af28107"
"80",80,"Seth Roberts","0","RobeSe00","OAK",27,"wr",15,7,64,45,0.703,494,11,2,44,7.7,3,32.9,0,"4fd5242901df5b589d36ce81596b1c7c60fa5cbd"
"81",81,"Josh Doctson","0","DoctJo00","WAS",26,"WR",15,12,78,44,0.564,532,12.1,2,32,6.8,2.9,35.5,0,"1d6feb610901db08d9aace57b44a186fb40737b5"
"82",82,"Devin Funchess","0","FuncDe00","CAR",24,"WR",14,12,79,44,0.557,549,12.5,4,27,6.9,3.1,39.2,0,"a314441b8826b870c81bfee84a71fcfbd6183d1a"
"83",83,"Antonio Callaway","0","CallAn00","CLE",21,"WR",16,11,79,43,0.544,586,13.6,5,71,7.4,2.7,36.6,1,"5b89d0a6a3ea59a96fb1a8ce97ef003ac4af2c55"
"84",84,"Christian Kirk","0","KirkCh01","ARI",22,"wr",12,7,68,43,0.632,590,13.7,3,75,8.7,3.6,49.2,0,"c3055770844e0e51c53d25d39dbeb3cd5fc97f78"
"85",85,"Joe Mixon","0","MixoJo00","CIN",22,"RB",14,13,55,43,0.782,296,6.9,1,21,5.4,3.1,21.1,0,"af09e7ed641ee7bf1c535c67ca07177dbad6fa7a"
"86",86,"C.J. Uzomah","0","UzomC.00","CIN",25,"TE",16,15,64,43,0.672,439,10.2,3,29,6.9,2.7,27.4,0,"bf925c65096d25ef0bc2a18e103cfc76f2e67e08"
"87",87,"Mike Williams","0","WillMi07","LAC",24,"wr",16,5,66,43,0.652,664,15.4,10,55,10.1,2.7,41.5,0,"6ae0d7103f0d8b8d107a9f1b2f52d57bd854a3ff"
"88",88,"Jarius Wright","0","WrigJa02","CAR",29,"fb/wr",16,6,59,43,0.729,447,10.4,1,33,7.6,2.7,27.9,3,"bdefefa6480137c8fb033bb68ee4241368ccaa05"
"89",89,"Kendrick Bourne","0","BourKe00","SFO",23,"WR",16,8,66,42,0.636,487,11.6,4,33,7.4,2.6,30.4,1,"e90e86a4982699ce101e153dce495b2d488643e3"
"90",90,"John Brown","0","BrowJo02","BAL",28,"WR",16,15,97,42,0.433,715,17,5,71,7.4,2.6,44.7,0,"d0b7b7483a2e6423bc570628b38586ac8fc50319"
"91",91,"Courtland Sutton","0","SuttCo00","DEN",23,"WR",16,9,84,42,0.5,704,16.8,4,42,8.4,2.6,44,0,"8829213fb8fb0fd4bc60e371206f16e0222dce7f"
"92",92,"Josh Gordon","0","GordJo02","2TM",27,NA,12,12,71,41,0.577,737,18,4,55,10.4,3.4,61.4,0,"537ce3628dc86467656824f15dc16b4135389227"
"93",93,"DeSean Jackson","0","JackDe00","TAM",32,"WR",12,10,74,41,0.554,774,18.9,4,75,10.5,3.4,64.5,0,"182458f02ff77c8ea2bfe491ab794ee1c8288355"
"94",94,"Chris Thompson","0","ThomCh03","WAS",28,NA,10,0,55,41,0.745,268,6.5,1,23,4.9,4.1,26.8,1,"db0feefe68962d7b3123b7c163d66d0514fb397e"
"95",95,"Tyrell Williams","0","WillTy00","LAC",26,"lcb/wr",16,10,65,41,0.631,653,15.9,5,75,10,2.6,40.8,2,"8d2463c42be9442e3a94b4a5ad5ea6103ea72388"
"96",96,"Dalvin Cook","0","CookDa01","MIN",23,"RB",11,10,49,40,0.816,305,7.6,2,27,6.2,3.6,27.7,2,"1db77a6314c9e11668c0cad0dff12740d0e4685b"
"97",97,"Cooper Kupp","0","KuppCo00","LAR",25,"WR",8,8,55,40,0.727,566,14.2,6,70,10.3,5,70.8,0,"8bd9e83da2ae7375817c10cfce7a7f70ae852b10"
"98",98,"Sammy Watkins","0","WatkSa00","KAN",25,"WR",10,9,55,40,0.727,519,13,3,50,9.4,4,51.9,1,"138459af4deddf388cc089aaec3fe1a75dc42369"
"99",99,"Austin Ekeler","0","EkelAu00","LAC",23,"rb",14,3,53,39,0.736,404,10.4,3,44,7.6,2.8,28.9,1,"416cd1eed7bce31b549a132de2ddfc2f3be64b65"
"100",100,"Chris Herndon","0","HernCh00","NYJ",22,"TE",16,12,56,39,0.696,502,12.9,4,32,9,2.4,31.4,2,"feff9c9518c08fdce0caa30325a6fc1fd56f839a"
"101",101,"Rashard Higgins","0","HiggRa00","CLE",24,"wr",13,1,53,39,0.736,572,14.7,4,40,10.8,3,44,2,"e24e4bb0cc7dbf516ca292c0470278f597821a1c"
"102",102,"Curtis Samuel","0","SamuCu00","CAR",22,"WR",13,8,65,39,0.6,494,12.7,5,53,7.6,3,38,1,"bf26b819dd526189d428da766a469119f99b28c2"
"104",104,"Randall Cobb","0","CobbRa00","GNB",28,"wr",9,6,61,38,0.623,383,10.1,2,75,6.3,4.2,42.6,2,"e95c8743eb42ba4701beaf786a1351ddc73fe9d0"
"105",105,"Keelan Cole","0","ColeKe00","JAX",25,"WR",16,11,70,38,0.543,491,12.9,1,35,7,2.4,30.7,2,"fdeec0d868778a4aa39022f2977bb6fbc6cb58d0"
"106",106,"Quincy Enunwa","0","EnunQu00","NYJ",26,"WR",11,10,68,38,0.559,449,11.8,1,42,6.6,3.5,40.8,2,"dc3f20b1ac9a641f6e72e43a243b17a5d4aa2946"
"108",108,"Marquez Valdes-Scantling","0","ValdMa00","GNB",24,"WR",16,10,73,38,0.521,581,15.3,2,60,8,2.4,36.3,0,"8bedb38fc57205df408d097079fae039d7715f51"
"109",109,"Jermaine Kearse","0","KearJe01","NYJ",28,"WR",14,9,76,37,0.487,371,10,1,29,4.9,2.6,26.5,0,"a15d4cd9ae84b1bb59a4339f6c48df253fb645af"
"110",110,"Kenny Stills","0","StilKe00","MIA",26,"WR",15,15,64,37,0.578,553,14.9,6,75,8.6,2.5,36.9,1,"da2949b50e8c90172460e33ea0b16b9125139c5e"
"111",111,"Taywan Taylor","0","TaylTa00","TEN",23,"wr",13,5,56,37,0.661,466,12.6,1,55,8.3,2.8,35.8,1,"2c9c40977ed8b22316657052519c52c479213e22"
"113",113,"Ian Thomas","0","ThomIa00","CAR",22,"te",16,6,49,36,0.735,333,9.3,2,31,6.8,2.3,20.8,0,"f1d0eb9c95b175fd9c2f9f0d577bbf592fcbb3a4"
"116",116,"Ryan Grant","0","GranRy01","IND",28,"WR",14,10,52,35,0.673,334,9.5,1,23,6.4,2.5,23.9,0,"f7998632880cf5b4ead40108c033efbe03038fd7"
"117",117,"Chris Hogan","0","HogaCh00","NWE",31,"wr",16,7,55,35,0.636,532,15.2,3,63,9.7,2.2,33.3,0,"0dfef90f2bfc7769871caa4f84d4d882b5e5d75d"
"118",118,"Marvin Jones","0","JoneMa02","DET",28,"WR",9,9,62,35,0.565,508,14.5,5,39,8.2,3.9,56.4,0,"b48f8bdedfd8d4540548df591d3147b7513a0801"
"120",120,"Laquon Treadwell","0","TreaLa00","MIN",23,"wr",15,7,53,35,0.66,302,8.6,1,22,5.7,2.3,20.1,0,"9a243da6e67a8f5c878cc74477bb17fff6c503a8"
"121",121,"Ben Watson","0","WatsBe00","NOR",38,"te",16,4,46,35,0.761,400,11.4,2,32,8.7,2.2,25,0,"1031e9d919e5217341e57849b090b039b2714e66"
"122",122,"Mark Andrews","0","AndrMa00","BAL",22,"te",16,3,50,34,0.68,552,16.2,3,74,11,2.1,34.5,0,"789312a7b43c01458406d98210a1b3991b4ebe03"
"124",124,"O.J. Howard","0","HowaO.00","TAM",24,"TE",10,8,48,34,0.708,565,16.6,5,75,11.8,3.4,56.5,0,"dcc092f4a0e42708d62c7f7b2cb41736b1885266"
"126",126,"Ricky Seals-Jones","0","SealRi00","ARI",23,"te",15,5,69,34,0.493,343,10.1,1,40,5,2.3,22.9,0,"0d90a2baa845ed11cf137cb8f82e074473b19076"
"128",128,"Michael Gallup","0","GallMi00","DAL",22,"WR",16,8,68,33,0.485,507,15.4,2,49,7.5,2.1,31.7,0,"7f45e7f61e02ee5bb6fc580a5f602f00a159292e"
"129",129,"Dallas Goedert","0","GoedDa00","PHI",23,"TE",16,8,44,33,0.75,334,10.1,4,32,7.6,2.1,20.9,0,"309b89ea8dc92f0a72fc7928d4a5d2246dcbaadd"
"130",130,"Anthony Miller","0","MillAn02","CHI",24,"wr",15,4,54,33,0.611,423,12.8,7,55,7.8,2.2,28.2,1,"7f60e546f23fadb852b0a60343ad718e6d786196"
"132",132,"Chris Conley","0","ConlCh00","KAN",26,"WR",16,13,52,32,0.615,334,10.4,5,27,6.4,2,20.9,2,"77d130dc456db42d3dfa003466888d800d57e370"
"134",134,"Will Fuller","0","FullWi01","HOU",24,"wr",7,7,45,32,0.711,503,15.7,4,73,11.2,4.6,71.9,0,"4797eee2ad56bc898ab890a07a99a247116ab88b"
"135",135,"Kerryon Johnson","0","JohnKe06","DET",21,"rb/wr",10,7,39,32,0.821,213,6.7,1,24,5.5,3.2,21.3,1,"786ffe2e80a70c80b584fd6ed66ba4da020cd279"
"136",136,"Bruce Ellington","0","ElliBr00","2TM",27,NA,7,3,42,31,0.738,224,7.2,1,23,5.3,4.4,32,1,"9b0ba19d0066970f35981d7456e017a105225ffb"
"137",137,"Jeff Heuerman","0","HeueJe00","DEN",26,"TE",11,10,48,31,0.646,281,9.1,2,36,5.9,2.8,25.5,0,"1b3fcc93e33e1fca0064b1868d52a170b9df29d8"
"140",140,"Jesse James","0","JameJe00","PIT",24,"te",16,7,39,30,0.769,423,14.1,2,51,10.8,1.9,26.4,0,"f429b48494d57b0a73c34fd51fd994b6dfdf0ed8"
"141",141,"Kyle Juszczyk","1","JuszKy00","SFO",27,"FB",16,14,41,30,0.732,324,10.8,1,56,7.9,1.9,20.3,2,"39b3b6b95d47300f8659122bd8638e6d322202af"
"142",142,"Jamison Crowder","0","CrowJa00","WAS",25,"wr",9,7,49,29,0.592,388,13.4,2,79,7.9,3.2,43.1,0,"652ed04bf9feb6069a08a973f6b8100c4767a7aa"
"143",143,"Josh Reynolds","0","ReynJo00","LAR",23,"WR",16,8,53,29,0.547,402,13.9,5,33,7.6,1.8,25.1,0,"768445ea40a14a50c3f0114536fae2a1fc58b748"
"145",145,"Keke Coutee","0","CoutKe00","HOU",21,"wr",6,2,41,28,0.683,287,10.3,1,40,7,4.7,47.8,0,"bbbc6db83c13e4adddbe42336ef4739b9f38bee4"
"146",146,"Antonio Gates","0","GateAn00","LAC",38,"te",16,1,45,28,0.622,333,11.9,2,27,7.4,1.8,20.8,1,"9a92eff1b9002a65cd4f8ac65e288a2c3540e37d"
"147",147,"Maurice Harris","0","HarrMa05","WAS",26,"wr",12,7,47,28,0.596,304,10.9,0,42,6.5,2.3,25.3,1,"1acfa9a812912ab8c99dc83b674160ca09b5a59c"
"148",148,"Dontrelle Inman","0","InmaDo00","IND",29,"wr",9,4,39,28,0.718,304,10.9,3,29,7.8,3.1,33.8,0,"7cb6bc031cf933358674458a216c402a7df2ba1f"
"150",150,"Tre'Quan Smith","0","SmitTr03","NOR",22,"wr",15,7,44,28,0.636,427,15.3,5,62,9.7,1.9,28.5,0,"68ffaac519611bbdd2ce8d3e384d20566b0c1d39"
"152",152,"Robert Foster","0","FostRo01","BUF",24,"wr",13,3,44,27,0.614,541,20,3,75,12.3,2.1,41.6,0,"e8528d921df9cb8409b9003d58dd654bb4b65069"
"154",154,"Greg Olsen","0","OlseGr00","CAR",33,"TE",9,9,38,27,0.711,291,10.8,4,23,7.7,3,32.3,0,"eb39c08bc972bd897bf346ee9987b829e70b444f"
"156",156,"Dante Pettis","0","PettDa00","SFO",23,"wr",12,7,45,27,0.6,467,17.3,5,75,10.4,2.3,38.9,2,"adabf6c5c44b162265b5ae011b2e90db3d5e8aac"
"159",159,"Jack Doyle","0","DoylJa00","IND",28,"te",6,6,33,26,0.788,245,9.4,2,20,7.4,4.3,40.8,1,"573276027b6b07a8596991dace2b12a03b551438"
"160",160,"Kareem Hunt","0","HuntKa00","KAN",23,"RB",11,11,35,26,0.743,378,14.5,7,67,10.8,2.4,34.4,0,"1e8454dbd12fd6c88ad911301445b1fafa87c6fe"
"162",162,"David Moore","0","MoorDa03","SEA",23,"wr",16,7,53,26,0.491,445,17.1,5,54,8.4,1.6,27.8,2,"2abca4277bfb49a16bd7c9d1186c90d2e03b27d2"
"165",165,"Geoff Swaim","0","SwaiGe00","DAL",25,"TE",9,9,32,26,0.813,242,9.3,1,43,7.6,2.9,26.9,0,"a7459d6efe988aba2f1daf725e29b6362b066ee5"
"167",167,"Albert Wilson","0","WilsAl02","MIA",26,"wr",7,3,35,26,0.743,391,15,4,75,11.2,3.7,55.9,0,"fccaff1ba47a8380a4330c137c6a0e62faf207f5"
"168",168,"Kelvin Benjamin","0","BenjKe00","2TM",27,NA,15,10,67,25,0.373,380,15.2,1,40,5.7,1.7,25.3,0,"077628783dbc90f523fa488d5bd1b52492a2e702"
"169",169,"Vernon Davis","0","DaviVe00","WAS",34,"te/wr",14,8,36,25,0.694,367,14.7,2,53,10.2,1.8,26.2,0,"4caa3bf3861f1f44c45ee5ab9b9b1a399819d0b2"
"173",173,"Pierre Garcon","0","GarcPi00","SFO",32,"WR",8,8,46,24,0.522,286,11.9,1,25,6.2,3,35.8,0,"51ba38aece3caa59022b539096153193aba28adb"
"174",174,"Ryan Griffin","0","GrifRy00","HOU",28,"TE",14,11,43,24,0.558,305,12.7,0,47,7.1,1.7,21.8,0,"24a44700943e6cdab5c09054eb887dd96bda56ca"
"178",178,"DeVante Parker","0","ParkDe01","MIA",25,"wr",11,7,47,24,0.511,309,12.9,1,46,6.6,2.2,28.1,0,"4c27612f9b81c32d6b94d5323bc2350d99641ea6"
"180",180,"Marquise Goodwin","0","GoodMa00","SFO",28,"WR",11,8,43,23,0.535,395,17.2,4,67,9.2,2.1,35.9,1,"f52b67218af27dc615bb315dd64b3c90c3a47557"
"186",186,"Leonard Fournette","0","FourLe00","JAX",23,"RB",8,8,26,22,0.846,185,8.4,1,31,7.1,2.8,23.1,0,"3fd88f0a02be7cfb16d482de27c9cc48fcaf1e88"
"192",192,"Jakeem Grant","0","GranJa00","MIA",26,"wr",10,2,34,21,0.618,268,12.8,2,52,7.9,2.1,26.8,0,"13051fee8a40e86740d847099bd16768551a92e1"
"196",196,"Equanimeous St. Brown","0","St.BEq00","GNB",22,"wr",12,7,36,21,0.583,328,15.6,0,54,9.1,1.8,27.3,0,"911f9d3875ea30777a8b187a4327209b18afbc53"
"198",198,"Geronimo Allison","0","AlliGe01","GNB",24,"wr",5,4,30,20,0.667,303,15.2,2,64,10.1,4,60.6,1,"fd13ca2fc1605cf2de040155f94a08dfd49dbbbc"
"207",207,"Jordan Matthews","0","MattJo00","PHI",26,"wr",14,3,28,20,0.714,300,15,2,56,10.7,1.4,21.4,0,"ef8794fb2d350e3dc93127722ddfcf307787b133"
"209",209,"Paul Richardson","0","RichPa01","WAS",26,"wr",7,4,35,20,0.571,262,13.1,2,46,7.5,2.9,37.4,0,"d7459640f8288292e5187f1b64891a8793cbe596"
"213",213,"Martavis Bryant","0","BryaMa00","OAK",27,"wr",8,2,27,19,0.704,266,14,0,47,9.9,2.4,33.3,1,"4355fc26f28c281a404470602b08caaee8581a3d"
"218",218,"Elijah McGuire","0","McGuEl00","NYJ",24,"rb",8,3,31,19,0.613,193,10.2,1,20,6.2,2.4,24.1,2,"52ba29be1a6493c2fa40dc43e052544b5aebff7c"
"222",222,"Isaiah McKenzie","0","McKeIs00","2TM",23,NA,8,1,30,18,0.6,179,9.9,0,23,6,2.3,22.4,2,"23a5972c2a3eefeda13662a2c07396fb3f4623ab"
"225",225,"Ted Ginn","0","GinnTe00","NOR",33,"wr",5,3,30,17,0.567,209,12.3,2,42,7,3.4,41.8,1,"65ec506302dcb244c84c9725b6525ec797b6a545"
"234",234,"Breshad Perriman","0","PerrBr02","CLE",25,"wr",10,2,25,16,0.64,340,21.3,2,66,13.6,1.6,34,0,"b9cb1bcf0586073527bcfe2311a6ff4e7a93404b"
"235",235,"Terrelle Pryor","0","PryoTe00","2TM",29,NA,8,1,30,16,0.533,252,15.8,2,44,8.4,2,31.5,0,"2cd23bfd298d526ef59e9180ea249d5225a54469"
"239",239,"Marcell Ateman","0","AtemMa00","OAK",24,"wr",7,6,31,15,0.484,154,10.3,1,32,5,2.1,22,0,"87b9a3a8b9135c3aad9269fe26d05de2fafff78a"
"241",241,"Tyler Eifert","0","EifeTy00","CIN",28,"te",4,2,19,15,0.789,179,11.9,1,29,9.4,3.8,44.8,0,"4ef3bc7440bee05b955f95230209b9c3b4471e8e"
"245",245,"Darren Sproles","0","SproDa00","PHI",35,"rb",6,2,23,15,0.652,160,10.7,2,37,7,2.5,26.7,0,"690b602fa9960f3aa712c3e029498dc702cc6da0"
"259",259,"Keith Kirkwood","0","KirkKe00","NOR",25,"wr",8,1,21,13,0.619,209,16.1,2,42,10,1.6,26.1,0,"cae54577db6451125d32ad7ea73f8df1457e6dce"
"268",268,"Brandon LaFell","0","LaFeBr00","OAK",32,"wr",6,5,16,12,0.75,135,11.3,2,24,8.4,2,22.5,0,"9fae9184d2ea6d7b014d3bf14960949a8a55e970"
"269",269,"Eli Rogers","0","RogeEl00","PIT",26,"wr",3,3,14,12,0.857,79,6.6,0,17,5.6,4,26.3,1,"ff03bc12455cf83ab2f165899aa6d7c7c0c918fa"
"277",277,"Cody Latimer","0","LatiCo00","NYG",26,"wr",6,2,16,11,0.688,190,17.3,1,39,11.9,1.8,31.7,0,"32228742f4528d07f22ca3520573da6a832c459b"
"281",281,"Brandon Powell","0","PoweBr00","DET",22,"wr",6,1,17,11,0.647,129,11.7,0,41,7.6,1.8,21.5,0,"fa61fffa1b5621f1179ab58a5500f53080232243"
"284",284,"Deontay Burnett","0","BurnDe00","NYJ",21,"wr",5,1,15,10,0.667,143,14.3,0,29,9.5,2,28.6,0,"a5145eadfd4fc30419c575027179cd051afda436"
"302",302,"Trey Quinn","0","QuinTr00","WAS",23,"wr",3,2,10,9,0.9,75,8.3,1,15,7.5,3,25,0,"65ed05e92bb9b4b6b209e0f9fcb2380264e7ae2f"
"309",309,"Jake Butt","0","ButtJa00","DEN",23,"te",3,3,13,8,0.615,85,10.6,0,22,6.5,2.7,28.3,0,"f77d70e15cc9b01fbcd2f2af29a2a0ae1ce1b3c0"
"310",310,"Will Dissly","0","DissWi00","SEA",22,"te",4,4,14,8,0.571,156,19.5,2,66,11.1,2,39,0,"2cac1e877eccca06b7f73b1321108ea50664395c"
"312",312,"Jake Kumerow","0","KumeJa00","GNB",26,"wr",5,2,11,8,0.727,103,12.9,1,49,9.4,1.6,20.6,0,"3ede46062c4008046b12592c7a9c3c610125044a"
"338",338,"Marcus Johnson","0","JohnMa07","IND",24,NA,5,0,8,6,0.75,102,17,1,34,12.8,1.2,20.4,0,"2aca8163c9ccce4270a7f777319f7083a24ddd30"
"373",373,"Delanie Walker","0","WalkHu00","TEN",34,"te",1,1,7,4,0.571,52,13,0,16,7.4,4,52,0,"7571f1841a04a64116da2f06869adf7f6f0ff1c4"
"411",411,"D'Onta Foreman","0","ForeDO00","HOU",22,NA,1,0,2,2,1,28,14,1,20,14,2,28,1,"3392d9a1a679a73c09464f015b61aba84197b6e6"
"481",481,"Tyrone Swoopes","0","SwooTy00","SEA",24,"te",1,1,1,1,1,23,23,0,23,23,1,23,0,"aa0ed145206013f0a7b3c32278fadafd8f8c4a0c"
